,Baseline Test Score,rsme
LinearRegression(),0.7016670344638083,45446.01582282461
LogisticRegression(),0.005847953216374269,48814.60154782485
Ridge(),0.7016552342142998,45448.14405815092
Lasso(),0.7016684830115606,45446.001884780286
ElasticNet(),0.6726464208889493,48272.16715886329
KNeighborsRegressor(),0.7951975734607362,37624.31542523457
SVR(),-0.09155774602213085,86372.36870254467
